Problem size,Base_HIP-block_256,RAJA_HIP-block_256
512,7.15595,7.69838
3375,8.23388,8.747745
17576,9.31181,9.79711
35937,10.136,10.2356
79507,10.1944,10.3132
166375,10.227,10.5183
343000,10.4429,10.5755
704969,10.7628,10.8602
1442897,10.79665,10.911650000000002
2146689,10.8305,10.9631
