Problem size,Base_HIP-block_256,RAJA_HIP-block_256
417,1.54544,2.50846
1667,6.36619,10.1188
6667,25.4165,39.9413
13334,52.1685,81.4941
26667,107.299,125.837
53334,211.971,233.277
106667,159.416,158.895
213334,157.617,157.495
426667,163.891,165.159
625000,164.156,164.324
