Problem size,Base_HIP-block_256,RAJA_HIP-block_256
1000,16.2305,17.1624
5832,23.17575,24.43005
27000,30.121,31.6977
54872,32.4211,33.8146
117649,35.3241,35.471
238328,35.898,35.7999
493039,35.9155,36.2685
1000000,36.7617,36.7796
2048383,36.99505,37.0168
2985984,37.2284,37.254
