Problem size,Base_HIP-block_256,RAJA_HIP-block_256
417,6.36619,10.1188
1667,15.891345,25.03005
6667,25.4165,39.9413
13334,52.1685,81.4941
26667,107.299,125.837
53334,157.617,157.495
106667,159.416,158.895
213334,163.891,164.324
426667,161.6535,161.60950000000003
625000,163.891,164.324
