Problem size,Base_HIP-compile_time_block_stride_loop_64,RAJA_HIP-cached_block_stride_loop_64,RAJA_HIP-compile_time_block_stride_loop_64
196608,11.7083,10.6951,4.82447
389120,17.118949999999998,15.00785,4.99548
778240,22.5296,19.3206,5.16649
1556480,24.095,24.849,6.07306
3108864,30.8194,36.4174,6.45553
6213632,33.0332,37.2983,6.66998
9101312,34.4921,41.6815,6.66998
12423168,35.8791,44.1535,6.77562
18198528,35.1856,42.917500000000004,6.781485
24260608,35.8791,44.1535,6.78735
