Problem size,Base_HIP-compile_time_block_stride_loop_64,RAJA_HIP-cached_block_stride_loop_64,RAJA_HIP-compile_time_block_stride_loop_64
196608,6.23867,5.50434,2.88741
389120,11.717,10.7275,5.14941
778240,22.5922,19.2375,4.8394
1556480,24.4268,25.1764,6.28118
3108864,33.4373,40.4318,7.14912
6213632,29.6884,41.1393,6.50306
9101312,31.7338,40.5111,6.4295
12423168,34.9078,44.8124,6.56586
18198528,35.6828,46.674,6.8915
24260608,36.0235,46.3816,6.96657
