Problem size,Base_HIP-block_64,RAJA_HIP-block_64
31104,14.710899999999999,16.3694
73728,18.4578,20.4808
144000,26.6867,28.9173
248832,35.0883,37.3359
395136,42.0497,45.0453
589824,43.4083,47.4007
839808,43.6882,47.4007
1152000,44.4592,48.56525
1533312,43.6882,47.4007
