Problem size,Base_HIP-block_256,RAJA_HIP-block_256
417,1.5946,1.87416
1667,6.43402,10.2196
6667,26.2744,40.6
13334,53.6891,84.5921
26667,109.706,159.117
53334,215.83,237.436
106667,159.818,158.499
213334,155.589,156.587
426667,164.534,163.236
625000,165.484,165.041
