Problem size,Base_HIP-compile_time_block_stride_loop_64,RAJA_HIP-cached_block_stride_loop_64,RAJA_HIP-compile_time_block_stride_loop_64
196608,12.8429,11.7315,5.29186
389120,18.777549999999998,16.46195,5.479505
778240,24.7122,21.1924,5.66715
1556480,26.429,27.256,6.66132
3108864,33.8043,39.9447,7.08077
6213632,36.2327,40.9108,7.31602
9101312,37.8327,45.7184,7.31602
12423168,39.354,48.4299,7.43186
18198528,38.59335,47.07415,7.438295
24260608,39.354,48.4299,7.44473
