Problem size,Base_HIP-block_64,RAJA_HIP-block_64
405,83.5245,95.0092
1566,166.33425,181.5291
6183,249.144,268.049
12339,345.148,364.216
24678,507.092,518.682
49329,561.981,596.205
98631,561.981,596.205
197262,561.981,596.205
394524,567.1880000000001,592.442
577935,513.96,537.19
