Problem size,Base_HIP-block_64,RAJA_HIP-block_64
31104,60.76345,68.24265
73728,100.012,110.974
144000,142.346,154.244
248832,185.26,197.127
395136,220.431,236.134
589824,238.442,259.312
839808,234.887,259.514
1152000,224.695,245.361
1533312,225.548,233.547
