Problem size,Base_HIP-block_64,RAJA_HIP-block_64
1728,0.892384,0.937725
5832,1.154202,1.2039925
17576,1.41602,1.47026
39304,1.52429,1.54649
74088,1.72054,1.73942
140608,1.78455,1.80027
287496,1.80741,1.82137
551368,1.82476,1.88241
1124864,1.849765,1.885875
1643032,1.87477,1.88934
