Problem size,Base_HIP-block_256,RAJA_HIP-block_256
512,1.7552,1.87127
3375,7.15595,7.69838
17576,9.31181,9.79711
35937,10.136,10.5183
79507,10.227,10.3132
166375,10.1944,10.2356
343000,10.4429,10.5755
704969,10.7628,10.8602
1442897,10.8553,10.9685
2146689,10.8305,10.9631
