Problem size,Base_HIP-compile_time_block_stride_loop_64,RAJA_HIP-cached_block_stride_loop_64,RAJA_HIP-compile_time_block_stride_loop_64
196608,6.23132,5.48283,2.88764
389120,11.7083,10.6951,5.16649
778240,22.5296,19.3206,4.82447
1556480,24.095,24.849,6.07306
3108864,33.0332,36.4174,6.66998
6213632,38.9034,45.3865,6.45553
9101312,30.8194,37.2983,6.77562
12423168,34.4921,41.6815,6.78735
18198528,35.8791,44.1535,6.51264
24260608,36.0163,45.7339,7.08244
