Problem size,Base_HIP-block_256,RAJA_HIP-block_256
417,23.5328,37.3788
1667,59.816500000000005,92.93790000000001
6667,96.1002,148.497
13334,196.371,309.401
26667,401.255,579.718
53334,569.077,579.718
106667,584.542,581.98
213334,601.794,597.046
426667,593.168,588.3820000000001
625000,601.794,597.046
