Problem size,Base_HIP-block_64,RAJA_HIP-block_64
405,55.7088,63.3687
1566,110.88589999999999,121.01585
6183,166.063,178.663
12339,230.026,242.735
24678,337.936,345.66
49329,374.505,397.312
98631,374.505,397.312
197262,374.505,397.312
394524,377.9675,394.79650000000004
577935,342.495,357.975
