Problem size,Base_HIP-block_256,RAJA_HIP-block_256
417,5.83232,6.85484
1667,23.5328,37.3788
6667,96.1002,148.497
13334,196.371,309.401
26667,401.255,581.98
53334,789.411,868.437
106667,584.542,579.718
213334,569.077,572.728
426667,601.794,597.046
625000,605.268,603.648
