Problem size,Base_HIP-block_64,RAJA_HIP-block_64
729,72.8839,75.0755
3375,105.60245,111.37125
9261,138.321,147.667
19683,189.351,195.091
35937,204.664,206.665
68921,204.664,206.665
132651,204.664,206.665
250047,200.581,198.237
531441,192.961,192.28050000000002
753571,185.341,186.324
