Problem size,Base_HIP-block_64,Base_Seq-default,RAJA_HIP-block_64
31104,63.895700000000005,3.3613150000000003,69.0547
73728,100.518,3.11191,108.269
144000,146.182,2.46577,155.203
248832,189.847,2.22201,198.248
395136,196.428,2.2469,212.433
589824,231.835,2.21948,223.812
839808,243.725,2.01244,255.606
1152000,229.037,1.9545,241.696
1533312,226.592,2.12626,239.328
