Problem size,Base_HIP-block_256,RAJA_HIP-block_256
417,5.65254,9.17484
1667,23.2847,37.0102
6667,92.9625,146.088
13334,190.809,298.069
26667,392.453,460.258
53334,775.295,853.224
106667,583.074,581.167
213334,576.491,576.046
426667,599.44,604.078
625000,600.409,601.025
