Problem size,Base_HIP-block_64,RAJA_HIP-block_64
729,141.72,152.733
3375,217.05149999999998,229.383
9261,292.383,306.033
19683,385.49,400.142
35937,430.274,430.698
68921,430.452,434.927
132651,430.452,434.927
250047,430.274,430.698
531441,412.55899999999997,413.6
753571,394.666,392.273
