Problem size,Base_HIP-block_256,RAJA_HIP-block_256
417,6.43402,10.2196
1667,16.354210000000002,25.4098
6667,26.2744,40.6
13334,53.6891,84.5921
26667,109.706,158.499
53334,155.589,158.499
106667,159.818,159.117
213334,164.534,163.236
426667,162.176,160.8675
625000,164.534,163.236
