Problem size,Base_HIP-compile_time_block_stride_loop_64,RAJA_HIP-cached_block_stride_loop_64,RAJA_HIP-compile_time_block_stride_loop_64
196608,6.8355,6.01444,3.16762
389120,12.8429,11.7315,5.66715
778240,24.7122,21.1924,5.29186
1556480,26.429,27.256,6.66132
3108864,36.2327,39.9447,7.31602
6213632,42.6714,49.7823,7.08077
9101312,33.8043,40.9108,7.43186
12423168,37.8327,45.7184,7.44473
18198528,39.354,48.4299,7.1434
24260608,39.5045,50.1633,7.76838
