Problem size,Base_HIP-block_256,RAJA_HIP-block_256
1000,16.1278,16.9491
5832,22.36945,23.9597
27000,28.6111,30.9703
54872,32.4459,32.3849
117649,35.2003,35.6716
238328,35.7645,35.8717
493039,35.8122,36.3626
1000000,36.5243,36.628
2048383,36.70715,36.81745
2985984,36.89,37.0069
