Problem size,Base_HIP-block_256,Base_Seq-default,RAJA_HIP-block_256
80000,217.801,10.9567,220.631
160000,265.113,10.7283,268.6225
320000,312.425,10.4999,316.614
640000,374.327,10.3092,379.045
1280000,443.779,9.50777,440.75
2560000,466.897,9.23769,466.256
3750000,466.897,9.13207,466.256
5120000,466.897,9.06123,466.256
7500000,463.177,9.03923,462.8535
10000000,452.468,9.01723,451.012
