Problem size,Base_HIP-block_64 (raw),Base_HIP-block_64 (smoothed),RAJA_HIP-block_64 (raw),RAJA_HIP-block_64 (smoothed),Base_HIP-block_64 (raw B/W),Base_HIP-block_64 (smoothed B/W),RAJA_HIP-block_64 (raw B/W),RAJA_HIP-block_64 (smoothed B/W)
31104,60.76345,80.5322,68.24265,89.616,10.9121,14.710899999999999,12.25525,16.3694
73728,100.012,100.012,110.974,110.974,18.4578,18.4578,20.4808,20.4808
144000,142.346,142.346,154.244,154.244,26.6867,26.6867,28.9173,28.9173
248832,185.26,185.26,197.127,197.127,35.0883,35.0883,37.3359,37.3359
395136,220.431,220.431,236.134,236.134,42.0497,42.0497,45.0453,45.0453
589824,238.442,224.695,259.312,245.361,45.7276,43.4083,49.7298,47.4007
839808,234.887,225.548,259.514,245.361,45.2302,43.6882,49.9725,47.4007
1152000,224.695,230.2175,245.361,252.3365,43.4083,44.4592,47.4007,48.56525
1533312,225.548,225.548,233.547,245.361,43.6882,43.6882,45.2377,47.4007
