Problem size,Base_CUDA-block_64,Base_Seq-default,RAJA_CUDA-block_64
27,6.3289,0.0997673,7.04729
64,9.8471,0.10002015,10.268495
216,13.3653,0.100273,13.4897
512,18.409,0.100583,18.1464
1000,21.4014,0.100606,21.0388
1728,22.7549,0.100642,22.7431
3375,24.0204,0.100606,23.9383
6859,24.7604,0.100606,24.7607
13824,25.1391,0.100644,25.1178
19683,25.168599999999998,0.10061400000000001,25.16055
39304,25.1981,0.100584,25.2033
