Problem size,Base_HIP-block_64,RAJA_HIP-block_64
31104,381.724,421.885
73728,475.7365,512.6475
144000,569.749,603.41
248832,726.037,793.919
395136,893.963,950.631
839808,1046.27,1109.35
1152000,1050.23,1117.91
1533312,1050.23,1117.91
2530944,1050.23,1109.35
3161088,1023.72,1078.0
3888000,993.6845000000001,1065.6950000000002
4718592,963.649,1053.39
