Problem size,Base_HIP-block_64,RAJA_HIP-block_64
2744,0.488437,0.496921
10648,1.88445,1.88924
39304,6.29613,6.54689
74088,6.80292,6.92859
140608,8.74387,8.78748
287496,10.4631,10.5063
551368,10.6614,10.6747
1124864,11.0862,11.0499
2197000,11.1562,11.238
3241792,11.1808,11.0744
4410944,11.2269,11.1839
6434856,11.4065,11.3188
8741816,11.3651,11.3775
