Problem size,Base_HIP-block_64,RAJA_HIP-block_64
2744,0.481962,0.484241
10648,1.85437,1.86303
39304,6.24899,6.38229
74088,6.75665,6.82338
140608,8.72353,8.76719
287496,9.7395,10.3399
551368,10.1207,10.0834
1124864,10.7838,10.8
2197000,11.0895,10.998
3241792,11.1167,11.2009
4410944,11.2577,11.1951
6434856,11.3006,11.2998
8741816,11.3442,11.3315
