Problem size,Base_HIP-block_256,Base_Seq-default,RAJA_HIP-block_256
2744,39.5814,5.1525,37.6512
12167,147.687,4.83581,149.419
54872,340.028,4.68254,377.154
117649,458.256,4.60138,472.04
238328,583.165,4.58258,605.51
493039,632.039,4.49236,639.545
1000000,691.63,4.47608,691.105
2048383,708.195,4.46134,713.825
4096000,734.242,4.40936,736.062
6028568,745.24,4.43761,745.905
8242408,758.572,4.43953,759.823
12167000,759.727,4.4425,757.981
16194277,777.233,4.38922,775.878
