Problem size,Base_HIP-block_256,RAJA_HIP-block_256
834,3.03638,3.83718
3334,15.6491,15.3408
13334,61.4219,61.4881
26667,119.499,120.275
53334,234.877,234.053
106667,415.102,417.442
213334,608.934,630.657
426667,750.47,724.374
853334,788.299,786.307
1250000,847.235,844.541
1706667,884.586,884.068
2500000,923.439,915.895
3333334,940.801,943.914
