Problem size,Base_HIP-block_64,RAJA_HIP-block_64
2744,152.089,152.476
10648,331.8995,342.283
39304,511.71,532.09
74088,554.202,564.439
140608,713.671,717.23
287496,855.41,858.945
551368,872.664,873.751
1124864,908.364,905.391
2197000,914.791,908.418
3241792,917.152,917.638
4410944,921.171,921.499
6434856,927.0640000000001,923.3040000000001
8741816,932.957,928.97
