Problem size,Base_HIP-block_256,RAJA_HIP-block_256
1331,15.4922,15.8129
8000,32.8411,34.435050000000004
35937,50.19,53.0572
79507,52.7203,55.4059
166375,53.3968,55.5636
343000,57.9974,58.9635
704969,58.2265,59.6049
1442897,60.2298,61.0398
2985984,61.3719,62.5145
4410944,61.8842,63.2177
6028568,62.0329,63.885
8869743,62.753150000000005,64.0761
12008989,63.6221,64.2672
