Problem size,Base_HIP-block_256,RAJA_HIP-block_256
1331,3.63773,3.76355
8000,15.4922,15.8129
35937,50.19,53.0572
79507,53.3968,55.4059
166375,52.7203,55.5636
343000,58.2265,58.9635
704969,57.9974,59.6049
1442897,60.2298,61.0398
2985984,62.0329,62.5145
4410944,61.3719,63.2177
6028568,61.8842,63.885
8869743,63.747,64.3941
12008989,63.6221,64.2672
