Problem size,Base_HIP-block_256,RAJA_HIP-block_256
2744,41.7103,41.6945
12167,76.45065,76.81225
54872,111.191,111.93
117649,134.018,140.432
238328,172.151,177.844
493039,188.898,189.463
1000000,206.603,206.809
2048383,210.696,211.101
4096000,219.19,220.635
6028568,222.297,222.727
8242408,226.72,227.478
12167000,227.026,227.65449999999998
16194277,227.332,227.831
