Problem size,Base_HIP-block_256,RAJA_HIP-block_256
834,3.98281,3.69892
3334,15.6902,15.3672
13334,60.3708,59.6505
26667,119.238,117.636
53334,233.723,233.752
106667,416.057,417.133
213334,607.231,610.674
426667,710.225,722.227
853334,772.024,765.663
1250000,820.666,803.821
1706667,861.304,853.474
2500000,868.515,891.13
3333334,917.635,923.038
