Problem size,Base_HIP-block_64,RAJA_HIP-block_64
2744,1.88445,1.88924
10648,4.0902899999999995,4.218065
39304,6.29613,6.54689
74088,6.80292,6.92859
140608,8.74387,8.78748
287496,10.4631,10.5063
551368,10.6614,10.6747
1124864,11.0862,11.0499
2197000,11.1562,11.0744
3241792,11.1808,11.1839
4410944,11.2269,11.238
6434856,11.296,11.251349999999999
8741816,11.3651,11.3188
