Problem size,Base_CUDA-block_128,RAJA_CUDA-block_128
31104,19.953200000000002,13.2118
73728,24.7723,16.3599
144000,34.8096,23.6647
248832,44.8673,30.3822
395136,46.436,36.5537
589824,53.229,42.5218
1152000,58.6834,48.6456
1533312,61.9286,52.4405
1990656,63.93725,53.675650000000005
2530944,65.9459,54.9108
