Problem size,Base_CUDA-block_64,Base_Seq-default,RAJA_CUDA-block_64
729,15.994,5.63123,15.9327
3375,78.6741,5.57301,78.0764
9261,195.668,5.48866,198.452
19683,342.273,5.42675,339.859
35937,493.318,5.50448,492.121
68921,646.287,5.32245,641.236
132651,753.564,5.48991,756.865
250047,788.718,5.13006,788.566
531441,823.891,4.66743,823.152
753571,852.829,5.21751,852.44
1442897,854.982,4.43834,854.334
