Problem size,Base_CUDA-block_64,Base_Seq-default,RAJA_CUDA-block_64
1728,40.5816,4.08557,40.9991
5832,137.471,4.27525,138.338
17576,391.7,4.31165,400.271
39304,801.073,4.30936,821.286
74088,1235.97,4.32023,918.07
140608,1294.89,4.32463,1130.28
287496,1412.94,4.31601,1219.55
551368,1545.74,4.31956,1289.52
1124864,1629.6,4.32034,1352.37
1643032,1644.02,4.31662,1361.3
3241792,1678.67,4.31628,1387.86
