Problem size,Base_CUDA-block_256,RAJA_CUDA-block_256
417,1.77951,1.77633
1667,6.88654,6.89493
6667,27.9849,27.8592
13334,54.8785,55.029
26667,103.854,103.716
53334,200.852,200.96
106667,360.817,362.086
213334,612.309,612.306
426667,836.578,835.58
625000,808.737,810.01
1250000,722.616,723.451
