Problem size,Base_CUDA-block_256,RAJA_CUDA-block_256
417,6.43863,6.44958
1667,25.6112,25.1678
6667,101.475,101.572
13334,195.222,196.864
26667,411.174,408.849
53334,781.316,781.705
106667,1323.68,1328.65
213334,2242.32,2232.98
426667,3046.32,3042.0
625000,2999.11,2993.86
1250000,2639.61,2642.12
