Problem size,Base_CUDA-block_64,RAJA_CUDA-block_64
1728,137.7,139.235
5832,265.64300000000003,270.61350000000004
17576,393.586,401.992
39304,801.736,824.002
74088,1260.45,910.787
140608,1309.06,1132.73
287496,1418.28,1226.92
551368,1556.39,1295.69
1124864,1610.28,1348.82
1643032,1631.1799999999998,1356.025
3241792,1652.08,1363.23
