Problem size,Base_CUDA-block_64,Base_Seq-default,RAJA_CUDA-block_64
1728,0.511948,0.0515405,0.517215
5832,1.71116,0.0532159,1.72196
17576,4.83834,0.0532582,4.94421
39304,9.85649,0.0530228,10.1052
74088,15.1717,0.0530315,11.2695
140608,15.8649,0.0529853,13.8482
287496,17.2826,0.0527919,14.9171
551368,18.8845,0.0527725,15.7543
1124864,19.8885,0.0527279,16.5051
1643032,20.0555,0.0526587,16.6066
3241792,20.4644,0.0526191,16.9192
