Problem size,Base_CUDA-block_64,Base_Seq-default,RAJA_CUDA-block_64
405,18.0915,13.1459,19.2625
1566,69.2993,13.6146,73.989
6183,271.794,13.8113,284.043
12339,514.567,13.6066,534.463
24678,940.413,12.139,985.231
49329,1457.23,11.7979,1587.84
98631,2126.82,12.508,2058.54
197262,2495.05,10.7965,2483.77
394524,2435.93,7.72949,2506.66
577935,2587.42,7.57591,2661.33
1155843,2832.74,7.25656,2871.99
