Problem size,Base_CUDA-block_256,Base_Seq-default,RAJA_CUDA-block_256
512,80.6755,9.38302,80.35
3375,339.719,9.38853,339.496
17576,1140.57,9.39835,1143.99
35937,1188.01,9.34143,1188.86
79507,1442.95,9.35348,1435.95
166375,1503.98,9.34894,1500.7
343000,1565.47,9.35308,1559.59
704969,1593.03,9.36795,1586.61
1442897,1611.09,9.32671,1606.07
2146689,1618.58,9.36815,1613.82
4410944,1620.76,9.33091,1614.96
