Problem size,Base_CUDA-block_128,RAJA_CUDA-block_128
31104,109.25015,72.34195
73728,134.227,88.645
144000,185.674,126.227
248832,236.892,160.413
395136,243.424,191.62
589824,277.558,221.726
1152000,303.764,251.805
1533312,319.717,270.733
1990656,329.71500000000003,276.79949999999997
2530944,339.713,282.866
