Problem size,Base_CUDA-block_64,RAJA_CUDA-block_64
405,69.9338,74.1363
1566,169.7544,179.50215
6183,269.575,284.868
12339,512.284,533.024
24678,941.419,989.964
49329,1459.31,1611.24
98631,2132.02,2061.67
197262,2434.99,2504.81
394524,2508.94,2505.94
577935,2553.585,2580.8050000000003
1155843,2598.23,2655.67
