Problem size,Base_CUDA-block_256,Base_Seq-default,RAJA_CUDA-block_256
417,6.49675,48.7956,6.50062
1667,25.3733,47.0544,25.255
6667,100.275,47.0702,99.7526
13334,199.931,47.2522,199.262
26667,391.454,48.6333,390.714
53334,727.103,37.0917,724.576
106667,1325.45,33.7378,1326.25
213334,2240.46,32.8315,2251.23
426667,3105.64,30.7464,3097.01
625000,2943.18,26.281,2934.85
1250000,2643.02,18.7451,2646.71
