Problem size,Base_CUDA-block_256,RAJA_CUDA-block_256
1000,3.40514,3.45021
5832,18.7599,19.0601
27000,78.306,78.5891
54872,123.937,122.888
117649,178.895,178.895
238328,210.834,210.256
493039,246.34,245.435
1000000,267.799,267.467
2048383,260.599,260.623
2985984,264.112,264.186
6028568,273.506,273.442
