Problem size,Base_CUDA-block_256,Base_Seq-default,RAJA_CUDA-block_256
1000,18.717,4.25353,19.0226
5832,48.2033,4.233504999999999,48.49595
27000,77.6896,4.21348,77.9693
54872,124.635,4.21348,124.359
117649,181.954,4.27892,181.886
238328,213.795,4.43443,213.888
493039,247.421,4.43443,246.636
1000000,260.018,4.43443,259.931
2048383,263.904,3.21622,264.181
2985984,264.769,3.0845700000000003,264.72249999999997
6028568,263.904,2.95292,264.181
