Problem size,Base_CUDA-block_128,RAJA_CUDA-block_128
31104,82.98885,55.72685
73728,132.497,88.2544
144000,183.978,125.579
248832,235.75,161.794
395136,242.941,190.311
589824,276.603,220.68
1152000,302.127,253.928
1533312,320.954,272.998
1990656,339.655,283.82
2530944,341.568,297.347
