Problem size,Base_CUDA-block_256,Base_Seq-default,RAJA_CUDA-block_256
417,6.93723,12.8693,6.90487
1667,17.176515000000002,12.894200000000001,17.088935
6667,27.4158,12.9191,27.273
13334,54.6624,12.8693,54.4796
26667,107.026,12.8693,106.824
53334,198.795,10.1411,198.104
106667,362.386,9.22412,362.606
213334,612.557,8.97634,615.5
426667,722.619,8.40628,723.629
625000,763.6510000000001,7.795835,763.018
1250000,804.683,7.18539,802.407
