Problem size,Base_CUDA-block_256,RAJA_CUDA-block_256
1000,66.4525,67.0962
5832,169.48425,170.3411
27000,272.516,273.586
54872,435.641,433.533
117649,619.304,620.148
238328,722.441,727.296
493039,830.593,825.636
1000000,871.365,871.365
2048383,883.199,883.413
2985984,891.0899999999999,890.937
6028568,883.199,883.413
