Problem size,Base_CUDA-block_256,RAJA_CUDA-block_256
512,0.803883,0.801794
3375,1.7444515,1.7314070000000001
17576,2.68502,2.66102
35937,2.73267,2.73041
79507,3.30764,3.29891
166375,3.4646,3.45279
343000,3.57001,3.55585
704969,3.61714,3.60941
1442897,3.66521,3.64839
2146689,3.6696299999999997,3.656085
4410944,3.67405,3.66378
