Problem size,Base_CUDA-block_256,RAJA_CUDA-block_256
417,6.50868,6.49701
1667,25.1879,25.2186
6667,102.356,101.897
13334,200.721,201.272
26667,379.852,379.349
53334,734.627,735.024
106667,1319.71,1324.35
213334,2239.56,2239.54
426667,3059.83,3056.18
625000,2958.0,2962.66
1250000,2643.01,2646.06
