Problem size,Base_CUDA-block_64,RAJA_CUDA-block_64
729,164.167,162.703
3375,297.544,298.0755
9261,430.921,433.448
19683,709.146,706.51
35937,1037.77,1046.5
68921,1395.09,1387.56
132651,1616.53,1616.81
250047,1711.67,1707.92
531441,1780.45,1777.34
753571,1814.6100000000001,1811.5349999999999
1442897,1848.77,1845.73
