Problem size,Base_CUDA-block_256,RAJA_CUDA-block_256
417,7.00227,6.88104
1667,17.373135,17.32577
6667,27.744,27.7705
13334,53.375,53.824
26667,112.418,111.782
53334,213.617,213.723
106667,361.902,363.262
213334,613.066,610.512
426667,721.687,722.372
625000,770.831,770.4559999999999
1250000,819.975,818.54
