Problem size,Base_CUDA-block_128,RAJA_CUDA-block_128
31104,107.988,72.00375
73728,132.497,88.2544
144000,183.978,125.579
248832,235.75,161.794
395136,242.941,190.311
589824,276.603,220.68
1152000,302.127,253.928
1533312,320.954,272.998
1990656,330.30449999999996,278.409
2530944,339.655,283.82
