Problem size,Base_CUDA-block_256,RAJA_CUDA-block_256
1000,18.7599,19.0601
5832,48.53295,48.824600000000004
27000,78.306,78.5891
54872,123.937,122.888
117649,178.895,178.895
238328,210.834,210.256
493039,246.34,245.435
1000000,260.599,260.623
2048383,264.112,264.186
2985984,265.95550000000003,265.8265
6028568,264.112,264.186
