Problem size,Base_CUDA-block_64,RAJA_CUDA-block_64
405,46.6441,49.4471
1566,113.16205000000001,119.66055
6183,179.68,189.874
12339,341.415,355.238
24678,627.38,659.731
49329,972.484,1073.73
98631,1420.76,1373.88
197262,1622.64,1669.17
394524,1671.93,1669.93
577935,1701.6750000000002,1719.815
1155843,1731.42,1769.7
