Problem size,Base_CUDA-block_256,RAJA_CUDA-block_256
1000,3.20407,3.26767
5832,18.444,18.6227
27000,78.2526,78.5599
54872,126.436,125.824
117649,181.358,181.605
238328,212.935,214.366
493039,246.098,244.63
1000000,267.431,267.277
2048383,260.048,260.048
2985984,263.948,264.012
6028568,273.372,273.42
