Problem size,Base_CUDA-block_256,Base_Seq-default,RAJA_CUDA-block_256
417,1.77625,13.341,1.77731
1667,6.93723,12.865,6.90487
6667,27.4158,12.8693,27.273
13334,54.6624,12.9191,54.4796
26667,107.026,13.2967,106.824
53334,198.795,10.1411,198.104
106667,362.386,9.22412,362.606
213334,612.557,8.97634,615.5
426667,849.103,8.40628,846.742
625000,804.683,7.18539,802.407
1250000,722.619,5.12504,723.629
