Problem size,Base_CUDA-block_64,RAJA_CUDA-block_64
729,83.4606,83.3373
3375,146.77280000000002,146.47965
9261,210.085,209.622
19683,354.239,354.621
35937,523.392,520.657
68921,695.402,702.286
132651,844.425,844.459
250047,901.055,899.07
531441,939.431,935.672
753571,961.181,958.364
1442897,982.931,981.056
