Problem size,Base_CUDA-block_256,RAJA_CUDA-block_256
512,0.797279,0.799274
3375,1.7252895000000001,1.718182
17576,2.6533,2.63709
35937,2.76036,2.74577
79507,3.29923,3.2927
166375,3.46516,3.46155
343000,3.57298,3.56384
704969,3.63602,3.62184
1442897,3.67322,3.66258
2146689,3.6767700000000003,3.6657450000000003
4410944,3.68032,3.66891
