Problem size,Base_CUDA-block_64,Base_Seq-default,RAJA_CUDA-block_64
1728,137.471,4.27525,138.338
5832,264.5855,4.292305,269.3045
17576,391.7,4.30936,400.271
39304,801.073,4.31165,821.286
74088,1235.97,4.31601,918.07
140608,1294.89,4.31956,1130.28
287496,1412.94,4.32023,1219.55
551368,1545.74,4.31956,1289.52
1124864,1629.6,4.31662,1352.37
1643032,1636.81,4.31809,1356.835
3241792,1644.02,4.31662,1361.3
