Problem size,Base_CUDA-block_256,RAJA_CUDA-block_256
512,66.4901,69.9048
3375,152.02555,173.87990000000002
17576,237.561,277.855
35937,436.812,454.297
79507,798.8,755.508
166375,1170.17,1359.63
343000,1451.12,1965.9
704969,1904.41,1991.08
1442897,1978.54,2096.37
2146689,2023.035,2155.8
4410944,1978.54,2096.37
