Problem size,Base_CUDA-block_256,RAJA_CUDA-block_256
417,1.76036,1.76336
1667,7.00227,6.88104
6667,27.744,27.7705
13334,53.375,53.824
26667,112.418,111.782
53334,213.617,213.723
106667,361.902,363.262
213334,613.066,610.512
426667,832.884,831.704
625000,819.975,818.54
1250000,721.687,722.372
