Problem size,Base_CUDA-block_256,Base_Seq-default,RAJA_CUDA-block_256
512,0.802097,0.0221669,0.801571
3375,1.7229735,0.02197615,1.7266705
17576,2.64385,0.0217854,2.65177
35937,2.7385,0.021533,2.74046
79507,3.30983,0.021455,3.29378
166375,3.43745,0.0213676,3.42995
343000,3.568,0.0213174,3.55459
704969,3.6228,0.0213042,3.60819
1442897,3.65749,0.0212504,3.64609
2146689,3.66452,0.02121195,3.652475
4410944,3.67155,0.0211735,3.65886
