Problem size,Base_CUDA-block_256,RAJA_CUDA-block_256
512,340.475,339.59
3375,749.4024999999999,743.785
17576,1158.33,1147.98
35937,1185.48,1184.5
79507,1441.99,1438.18
166375,1515.86,1510.69
343000,1566.36,1560.14
704969,1590.54,1587.14
1442897,1614.49,1607.08
2146689,1617.0900000000001,1611.12
4410944,1619.69,1615.16
