Problem size,Base_CUDA-block_64,RAJA_CUDA-block_64
1728,0.513848,0.51269
5832,1.69513,1.71181
17576,4.79097,4.90047
39304,9.86074,10.1242
74088,15.276,11.1906
140608,15.9409,13.7674
287496,17.5737,14.9771
551368,19.0387,15.9211
1124864,19.9715,16.5374
1643032,20.2744,16.7521
3241792,20.4841,16.939
