Problem size,Base_CUDA-block_256,Base_Seq-default,RAJA_CUDA-block_256
512,339.719,9.38853,339.496
3375,740.1445,9.385774999999999,741.7429999999999
17576,1140.57,9.38302,1143.99
35937,1188.01,9.35348,1188.86
79507,1442.95,9.35308,1435.95
166375,1503.98,9.35308,1500.7
343000,1565.47,9.35308,1559.59
704969,1593.03,9.35308,1586.61
1442897,1611.09,9.35308,1606.07
2146689,1614.835,9.34943,1609.945
4410944,1618.58,9.33091,1613.82
