Problem size,Base_CUDA-block_256,Base_Seq-default,RAJA_CUDA-block_256
417,25.3733,47.0702,25.255
1667,62.82415,47.1612,62.5038
6667,100.275,47.2522,99.7526
13334,199.931,47.0702,199.262
26667,391.454,47.0702,390.714
53334,727.103,37.0917,724.576
106667,1325.45,33.7378,1326.25
213334,2240.46,32.8315,2251.23
426667,2643.02,30.7464,2646.71
625000,2793.1,28.5137,2790.7799999999997
1250000,2943.18,26.281,2934.85
