Problem size,Base_CUDA-block_64,Base_Seq-default,RAJA_CUDA-block_64
405,46.2209,9.0806,49.3488
1566,113.68995,9.07441,119.3364
6183,181.159,9.06822,189.324
12339,342.937,9.06822,356.197
24678,626.709,8.33524,656.577
49329,971.099,8.08964,1058.14
98631,1417.29,7.8621,1371.79
197262,1623.27,7.19463,1655.15
394524,1662.67,5.15081,1670.4
577935,1693.4450000000002,5.099635,1721.935
1155843,1724.22,5.04846,1773.47
