Problem size,Base_CUDA-block_64,RAJA_CUDA-block_64
1728,1.69513,1.71181
5832,3.2430499999999998,3.30614
17576,4.79097,4.90047
39304,9.86074,10.1242
74088,15.276,11.1906
140608,15.9409,13.7674
287496,17.5737,14.9771
551368,19.0387,15.9211
1124864,19.9715,16.5374
1643032,20.12295,16.644750000000002
3241792,20.2744,16.7521
