Problem size,Base_CUDA-block_64,RAJA_CUDA-block_64
405,46.1149,49.4853
1566,113.77345,119.86265
6183,181.432,190.24
12339,350.178,365.052
24678,612.972,649.598
49329,974.16,1075.1
98631,1420.86,1379.67
197262,1621.37,1661.29
394524,1666.26,1669.28
577935,1696.365,1722.8049999999998
1155843,1726.47,1776.33
