Problem size,Base_CUDA-block_128,RAJA_CUDA-block_128
31104,19.72225,13.15005
73728,24.4531,16.2878
144000,34.4916,23.5433
248832,44.651,30.6438
395136,46.3437,36.304
589824,53.0459,42.3211
1152000,58.3672,49.0558
1533312,62.1682,52.8792
1990656,64.05145,53.9876
2530944,65.9347,55.096
