Problem size,Base_CUDA-block_64,RAJA_CUDA-block_64
1728,0.516309,0.521307
5832,1.71401,1.73312
17576,4.86163,4.96548
39304,9.86465,10.1386
74088,15.4723,11.1801
140608,16.0385,13.8782
287496,17.3479,15.0072
551368,19.0146,15.8297
1124864,19.6528,16.4618
1643032,20.1538,16.6301
3241792,20.4841,16.9407
