Problem size,Base_CUDA-block_64,Base_Seq-default,RAJA_CUDA-block_64
405,12.0974,8.79032,12.8804
1566,46.2209,9.0806,49.3488
6183,181.159,9.20569,189.324
12339,342.937,9.06822,356.197
24678,626.709,8.08964,656.577
49329,971.099,7.8621,1058.14
98631,1417.29,8.33524,1371.79
197262,1662.67,7.19463,1655.15
394524,1623.27,5.15081,1670.4
577935,1724.22,5.04846,1773.47
1155843,1887.69,4.83564,1913.84
