Problem size,Base_CUDA-block_256,RAJA_CUDA-block_256
512,154.686,160.524
3375,351.23650000000004,397.5365
17576,547.787,634.549
35937,1030.98,1077.92
79507,1979.83,2091.5
166375,2800.94,3260.94
343000,3430.69,4665.57
704969,4574.8,4774.8
1442897,4671.87,5041.05
2146689,4777.255,5187.1900000000005
4410944,4671.87,5041.05
