Problem size,Base_CUDA-block_128,Base_OpenMP-default,RAJA_CUDA-block_128,RAJA_OpenMP-default
31104,108.0861,62.15285,71.93955,63.5291
73728,132.656,62.3389,88.0508,64.1992
144000,185.857,65.6286,126.218,67.2799
248832,236.273,65.6286,162.89,67.2799
395136,242.375,65.6286,190.284,67.2799
589824,277.056,64.853,221.473,66.2197
1152000,302.761,60.4006,253.122,59.0691
1533312,319.269,55.0844,269.652,55.8606
1990656,329.102,53.7329,276.845,54.93825
2530944,338.935,52.3814,284.038,54.0159
