Problem size,Base_CUDA-block_64,RAJA_CUDA-block_64
729,78.9791,78.2751
3375,141.63305,141.88005
9261,204.287,205.485
19683,333.604,332.364
35937,485.887,489.971
68921,650.527,647.014
132651,751.35,751.48
250047,793.596,791.859
531441,823.574,822.134
753571,838.9975,837.5745
1442897,854.421,853.015
