Problem size,Base_CUDA-block_256,Base_Seq-default,RAJA_CUDA-block_256
1000,3.16501,4.25353,3.20872
5832,18.717,4.21348,19.0226
27000,77.6896,4.27892,77.9693
54872,124.635,4.15548,124.359
117649,181.954,4.05361,181.886
238328,213.795,4.49925,213.888
493039,247.421,4.52073,246.636
1000000,265.634,4.43443,265.264
2048383,260.018,3.21622,259.931
2985984,263.904,2.95292,264.181
6028568,273.316,2.89109,273.314
