Problem size,Base_CUDA-block_64,Base_Seq-default,RAJA_CUDA-block_64
1728,1.71116,0.0532159,1.72196
5832,3.27475,0.053119349999999996,3.333085
17576,4.83834,0.0530315,4.94421
39304,9.85649,0.0530315,10.1052
74088,15.1717,0.0530228,11.2695
140608,15.8649,0.0529853,13.8482
287496,17.2826,0.0527919,14.9171
551368,18.8845,0.0527725,15.7543
1124864,19.8885,0.0527279,16.5051
1643032,19.972,0.0526933,16.55585
3241792,20.0555,0.0526587,16.6066
