Problem size,Base_CUDA-block_128,Base_Seq-default,RAJA_CUDA-block_128
31104,83.12595,3.37219,56.03545
73728,132.791,3.10205,88.7746
144000,182.372,3.08391,124.333
248832,236.347,3.16604,163.289
395136,241.569,3.16064,189.419
589824,276.445,3.09991,221.479
1152000,302.549,2.93255,252.975
1533312,319.107,2.69281,271.05
1990656,339.519,2.62611,284.022
2530944,341.606,2.56545,295.038
